Pi,alpha_min_deg,alpha_max_deg,beta_min_deg,beta_max_deg
1,41.40962211,138.5903779,8.565282944,48.59037789
2,41.40962211,138.5903779,11.38537583,54.59030507
3,41.40962211,138.5903779,14.22831014,60.59051249
4,41.40962211,138.5903779,17.09324644,66.59047749
5,41.40962211,138.5903779,19.97999322,72.59036334
6,41.40962211,138.5357316,22.88865588,78.59032435
7,41.40962211,134.9958803,25.81958871,84.59038941
8,41.40962211,132.0298962,28.77341238,90.59040537
9,41.40962211,129.5748898,31.75120048,96.59035041
10,41.40962211,127.5699073,34.75455286,102.5903664
11,41.40962211,125.9609898,37.78551104,108.5904314
12,41.40962211,124.7030814,40.84667876,114.5903924
13,41.40962211,123.7602199,43.94159802,120.5902783
14,41.40962211,123.1053379,47.0748956,123.8050332
15,41.40962211,122.7196641,46.9273849,126.9299426
16,41.40962211,122.5923577,49.98297374,130.0170263
17,41.40962211,122.7196641,53.07005737,133.0726151
18,41.40962211,123.1053379,56.19496681,132.9251044
19,41.40962211,123.7602199,59.40972171,136.058402
20,41.40962211,124.7030814,65.40960755,139.1533212
21,41.40962211,125.9609898,71.40956857,142.214489
22,41.40962211,127.5699073,77.40963363,145.2454471
23,41.40962211,129.5748898,83.40964959,148.2487995
24,41.40962211,132.0298962,89.40959463,151.2265876
25,41.40962211,134.9958803,95.40961059,154.1804113
26,41.40962211,138.5357316,101.4096757,157.1113441
27,41.40962211,138.5903779,107.4096367,160.0200068
28,41.40962211,138.5903779,113.4095225,162.9067536
29,41.40962211,138.5903779,119.4094875,165.7716899
30,41.40962211,138.5903779,125.4096949,168.6146242
31,41.40962211,138.5903779,131.4096221,171.4347171
