Pi,x,y,z,theta_deg
1,20.0,-21.99999,0.0,0.0
2,20.0,-21.8795,-2.2996,5.999927178
3,20.0,-21.5192,-4.5741,12.0001346
4,20.0,-20.9232,-6.7984,18.0000996
5,20.0,-20.098,-8.9482,23.99998545
6,20.0,-19.0526,-11.0,29.99994646
7,20.0,-17.7984,-12.9313,36.00001152
8,20.0,-16.3492,-14.7209,42.00002748
9,20.0,-14.7209,-16.3492,47.99997252
10,20.0,-12.9313,-17.7984,53.99998848
11,20.0,-11.0,-19.0526,60.00005354
12,20.0,-8.9482,-20.098,66.00001455
13,20.0,-6.7984,-20.9232,71.9999004
14,20.0,-4.5741,-21.5192,77.9998654
15,20.0,-2.2996,-21.8795,84.00007282
16,20.0,0.0,-22.0,90.0
17,20.0,2.2996,-21.8795,95.99992718
18,20.0,4.5741,-21.5192,102.0001346
19,20.0,6.7984,-20.9232,108.0000996
20,20.0,8.9482,-20.098,113.9999854
21,20.0,11.0,-19.0526,119.9999465
22,20.0,12.9313,-17.7984,126.0000115
23,20.0,14.7209,-16.3492,132.0000275
24,20.0,16.3492,-14.7209,137.9999725
25,20.0,17.7984,-12.9313,143.9999885
26,20.0,19.0526,-11.0,150.0000535
27,20.0,20.098,-8.9482,156.0000146
28,20.0,20.9232,-6.7984,161.9999004
29,20.0,21.5192,-4.5741,167.9998654
30,20.0,21.8795,-2.2996,174.0000728
31,20.0,21.99999,0.0,180.0
